code,bank,months_ranked,months_outlier,longest_streak,avg_per_million,excess_chargebacks,pct_of_all_excess
JIO,JIO PAYMENTS BANK LTD,4,3,3,56.6,15847.0,4.9
AIR,AIRTEL PAYMENTS BANK LIMITED AIR,4,3,3,52.0,15163.0,4.7
YMG,YES BANK MGS M,4,4,4,135.8,14584.0,4.5
NPD,NSDL PAYMENTS BANK LIMITED _ NPD,4,4,4,119.2,11609.0,3.6
SSF,SURYODAY SMALL FINANCE BANK LIMITED,4,4,4,133.8,11599.0,3.6
KKM,KOTAK MAHINDRA BANK LTD _ KKM,4,3,3,55.4,11325.0,3.5
ABR,AXIS BANK _ ABR,4,4,4,52.4,8197.0,2.5
ASU,AXIS BANK SETU,4,3,3,54.7,8110.0,2.5
JSF,JANA SMALL FINANCE BANK LTD,4,4,4,118.9,7654.0,2.4
NPL,NSDL PAYMENTS BANK LIMITED ACQUIRER,4,3,3,46.3,7536.0,2.3
CIT,CITIBANK CORPORATE,4,3,3,86.4,6864.0,2.1
RNB,RBL BANK LIMITED,4,4,4,123.3,6391.0,2.0
COB,THE COSMOS CO0OPERATIVE BANK LTD,4,3,3,93.3,1983.0,0.6
USF,UTKARSH SMALL FINANCE BANK LIMITED,4,3,3,47.5,1164.0,0.4
