rank,bank,volume_mn,approved_pct,bd_pct,td_pct,reversal_count_mn,reversal_success_pct
1,Synthetic Bank 01,2928.33,88.24,11.56,0.2,8.8,86.57
2,Synthetic Bank 02,2784.69,82.41,17.49,0.1,6.72,76.26
3,Synthetic Bank 03,2584.28,83.0,15.5,1.5,6.97,92.56
4,Synthetic Bank 04,2493.24,89.91,9.69,0.4,8.22,66.68
5,Synthetic Bank 05,2478.92,82.32,17.48,0.2,7.2,60.91
6,Synthetic Bank 06,2371.03,82.88,17.07,0.05,6.31,63.6
7,Synthetic Bank 07,2335.43,89.09,10.81,0.1,6.25,88.89
8,Synthetic Bank 08,2297.75,90.63,9.32,0.05,4.39,78.48
9,Synthetic Bank 09,2110.26,84.71,15.24,0.05,2.31,66.45
10,Synthetic Bank 10,1952.96,92.7,7.1,0.2,4.51,80.04
11,Synthetic Bank 11,1917.09,91.8,8.0,0.2,3.15,66.09
12,Synthetic Bank 12,1690.48,93.39,5.11,1.5,3.76,87.85
13,Synthetic Bank 13,1384.13,83.1,16.8,0.1,4.93,77.85
14,Synthetic Bank 14,1363.64,84.93,14.97,0.1,2.32,75.24
15,Synthetic Bank 15,1350.3,84.32,15.58,0.1,1.59,72.06
16,Synthetic Bank 16,1150.15,83.24,16.71,0.05,2.12,85.21
17,Synthetic Bank 17,728.08,88.07,11.88,0.05,1.37,74.47
18,Synthetic Bank 18,436.65,86.37,13.53,0.1,1.3,63.51
19,Synthetic Bank 19,336.88,92.85,7.1,0.05,0.9,64.72
20,Synthetic Bank 20,247.62,93.08,6.72,0.2,0.83,98.48
